Veri Seti,Target,Algorithm,Base_Train_R2,Base_Test_R2,Base_Train_RMSE,Base_Test_RMSE,Base_Train_MAE,Base_Test_MAE,Base_Train_MAPE,Base_Test_MAPE,STGP-EF_Train_R2,STGP-EF_Test_R2,STGP-EF_Train_RMSE,STGP-EF_Test_RMSE,STGP-EF_Train_MAE,STGP-EF_Test_MAE,STGP-EF_Train_MAPE,STGP-EF_Test_MAPE,Max_Test_R2,Max_Scenario
Doymuş Buhar,P(çıktı),AdaBoost,0.998820,0.998632,0.034349,0.037651,0.024249,0.029803,0.050935,0.036727,0.998316,0.998188,0.041040,0.043340,0.029083,0.036201,0.068196,0.047334,0.998632,Base
Doymuş Buhar,P(çıktı),CatBoost,0.999832,0.999492,0.012947,0.022948,0.010091,0.016699,0.033730,0.030706,0.999831,0.999424,0.012997,0.024432,0.009381,0.019090,0.060042,0.034941,0.999492,Base
Doymuş Buhar,P(çıktı),DART,0.954390,0.960980,0.213566,0.201105,0.120043,0.114984,0.149688,0.109658,0.956825,0.962388,0.207785,0.197442,0.115192,0.116810,0.130172,0.104138,0.962388,STGP-EF
Doymuş Buhar,P(çıktı),EF,1.000000,0.999990,0.000000,0.003178,0.000000,0.002246,0.000000,0.003608,1.000000,0.999989,0.000000,0.003344,0.000000,0.002433,0.000000,0.006043,0.999990,Base
Doymuş Buhar,P(çıktı),ET,1.000000,0.999994,0.000000,0.002481,0.000000,0.001703,0.000000,0.002392,1.000000,0.999995,0.000000,0.002321,0.000000,0.001790,0.000000,0.003682,0.999995,STGP-EF
Doymuş Buhar,P(çıktı),GBDT,1.000000,0.999179,0.000626,0.029176,0.000434,0.021857,0.001545,0.036836,0.999999,0.999709,0.000757,0.017355,0.000504,0.012955,0.002494,0.027296,0.999709,STGP-EF
Doymuş Buhar,P(çıktı),GP,0.972787,0.973696,0.164965,0.165114,0.122257,0.138096,0.367344,0.262860,0.984473,0.990316,0.124609,0.100187,0.114552,0.091307,0.512080,0.186174,0.990316,STGP-EF
Doymuş Buhar,P(çıktı),KNN,0.999489,0.999727,0.022609,0.016813,0.010029,0.012922,0.021244,0.022791,0.999444,0.999767,0.023574,0.015555,0.010696,0.011522,0.018787,0.021094,0.999767,STGP-EF
Doymuş Buhar,P(çıktı),LightGBM,0.961671,0.970999,0.195779,0.173374,0.093797,0.087559,0.124232,0.095025,0.990424,0.993753,0.097857,0.080468,0.057827,0.045541,0.195107,0.087852,0.993753,STGP-EF
Doymuş Buhar,P(çıktı),RF,0.999933,0.999727,0.008177,0.016810,0.005530,0.011760,0.020319,0.019708,0.999949,0.999936,0.007110,0.008125,0.004429,0.006078,0.012275,0.010708,0.999936,STGP-EF
Doymuş Buhar,P(çıktı),XGBoost,0.999996,0.999141,0.002115,0.029840,0.001560,0.023396,0.003214,0.039670,0.999994,0.998999,0.002347,0.032215,0.001680,0.025790,0.003793,0.042666,0.999141,Base
Doymuş Buhar,h buhar (çıktı),AdaBoost,0.994945,0.996068,0.071102,0.059577,0.054026,0.048054,0.147649,0.279636,0.998623,0.998543,0.037103,0.036263,0.024655,0.025451,0.035130,0.033488,0.998543,STGP-EF
Doymuş Buhar,h buhar (çıktı),CatBoost,0.999825,0.999301,0.013228,0.025125,0.009246,0.020832,0.045856,0.133518,0.999879,0.999217,0.011006,0.026589,0.007942,0.018955,0.028607,0.083561,0.999301,Base
Doymuş Buhar,h buhar (çıktı),DART,0.973731,0.976512,0.162078,0.145614,0.111604,0.100831,0.139507,0.219238,0.980390,0.983860,0.140035,0.120707,0.092806,0.082225,0.119526,0.147922,0.983860,STGP-EF
Doymuş Buhar,h buhar (çıktı),EF,1.000000,0.999984,0.000000,0.003755,0.000000,0.003064,0.000000,0.020047,1.000000,0.999948,0.000000,0.006884,0.000000,0.003570,0.000000,0.010733,0.999984,Base
Doymuş Buhar,h buhar (çıktı),ET,1.000000,0.999992,0.000000,0.002717,0.000000,0.002044,0.000000,0.009662,1.000000,0.999996,0.000000,0.001906,0.000000,0.001378,0.000000,0.004891,0.999996,STGP-EF
Doymuş Buhar,h buhar (çıktı),GBDT,1.000000,0.998990,0.000589,0.030191,0.000409,0.028813,0.001479,0.136508,0.999999,0.999458,0.000766,0.022112,0.000515,0.019373,0.001498,0.090698,0.999458,STGP-EF
Doymuş Buhar,h buhar (çıktı),GP,0.947306,0.951791,0.229552,0.208613,0.172313,0.156895,0.562627,0.786328,0.947306,0.951791,0.229552,0.208613,0.172313,0.156895,0.562627,0.786328,0.951791,Base
Doymuş Buhar,h buhar (çıktı),KNN,0.999471,0.999429,0.022992,0.022702,0.012244,0.018699,0.026123,0.096303,0.999471,0.999493,0.022996,0.021401,0.012284,0.017709,0.023121,0.094938,0.999493,STGP-EF
Doymuş Buhar,h buhar (çıktı),LightGBM,0.981103,0.974732,0.137468,0.151029,0.079871,0.095730,0.103539,0.223096,0.996371,0.991053,0.060244,0.089869,0.037876,0.055362,0.070445,0.195284,0.991053,STGP-EF
Doymuş Buhar,h buhar (çıktı),RF,0.999931,0.999666,0.008298,0.017360,0.006093,0.014874,0.024104,0.061571,0.999947,0.999791,0.007268,0.013723,0.004744,0.009303,0.012456,0.026397,0.999791,STGP-EF
Doymuş Buhar,h buhar (çıktı),XGBoost,0.999995,0.998603,0.002293,0.035508,0.001742,0.032373,0.003231,0.139664,0.999996,0.998396,0.001933,0.038048,0.001451,0.033128,0.003360,0.139578,0.998603,Base
Doymuş Buhar,h sıvı (çıktı),AdaBoost,0.999100,0.999300,0.030006,0.026254,0.019759,0.022877,0.051070,0.123528,0.999390,0.999667,0.024697,0.018091,0.015634,0.015471,0.038908,0.127777,0.999667,STGP-EF
Doymuş Buhar,h sıvı (çıktı),CatBoost,0.999815,0.999592,0.013610,0.020037,0.010489,0.017063,0.031396,0.154381,0.999805,0.999590,0.013978,0.020079,0.010823,0.016987,0.038686,0.155555,0.999592,Base
Doymuş Buhar,h sıvı (çıktı),DART,0.971330,0.974902,0.169323,0.157175,0.111879,0.107656,0.141366,0.197953,0.972674,0.976017,0.165306,0.153644,0.107410,0.104598,0.109979,0.261454,0.976017,STGP-EF
Doymuş Buhar,h sıvı (çıktı),EF,1.000000,0.999993,0.000000,0.002650,0.000000,0.001930,0.000000,0.011435,1.000000,0.999988,0.000000,0.003384,0.000000,0.002496,0.000000,0.011745,0.999993,Base
Doymuş Buhar,h sıvı (çıktı),ET,1.000000,0.999994,0.000000,0.002340,0.000000,0.001919,0.000000,0.014757,1.000000,0.999996,0.000000,0.001936,0.000000,0.001605,0.000000,0.013549,0.999996,STGP-EF
Doymuş Buhar,h sıvı (çıktı),GBDT,0.999998,0.999313,0.001395,0.025996,0.000992,0.025341,0.003991,0.176842,0.999998,0.999554,0.001395,0.020951,0.000992,0.018809,0.003991,0.097228,0.999554,STGP-EF
Doymuş Buhar,h sıvı (çıktı),GP,0.994812,0.995494,0.072031,0.066596,0.058496,0.054800,0.195936,0.502876,0.994812,0.995494,0.072031,0.066596,0.058496,0.054800,0.195936,0.502876,0.995494,Base
Doymuş Buhar,h sıvı (çıktı),KNN,0.999654,0.999681,0.018595,0.017733,0.010708,0.015787,0.027717,0.116094,0.999617,0.999773,0.019581,0.014933,0.011676,0.013291,0.030883,0.113215,0.999773,STGP-EF
Doymuş Buhar,h sıvı (çıktı),LightGBM,0.978685,0.979325,0.145996,0.142654,0.089641,0.098296,0.118717,0.212906,0.980027,0.982659,0.141327,0.130646,0.081522,0.082798,0.093404,0.093114,0.982659,STGP-EF
Doymuş Buhar,h sıvı (çıktı),RF,0.999951,0.999771,0.007002,0.014998,0.005728,0.013448,0.012328,0.087067,0.999965,0.999888,0.005889,0.010496,0.004485,0.009016,0.010043,0.047715,0.999888,STGP-EF
Doymuş Buhar,h sıvı (çıktı),XGBoost,0.999995,0.999087,0.002301,0.029976,0.001762,0.028741,0.003634,0.192087,0.999995,0.999087,0.002301,0.029976,0.001762,0.028741,0.003634,0.192087,0.999087,Base
Doymuş Buhar,s buhar (çıktı),AdaBoost,0.958017,0.916272,0.204898,0.215295,0.170584,0.171846,0.651579,0.455725,0.994318,0.971594,0.075376,0.125403,0.052768,0.074302,0.168454,0.173535,0.971594,STGP-EF
Doymuş Buhar,s buhar (çıktı),CatBoost,0.999666,0.979281,0.018263,0.107098,0.013070,0.057263,0.073646,0.195467,0.999800,0.990379,0.014159,0.072979,0.010412,0.038861,0.080567,0.086742,0.990379,STGP-EF
Doymuş Buhar,s buhar (çıktı),DART,0.475183,0.447064,0.724443,0.553268,0.345659,0.288573,0.994115,0.966089,0.840291,0.899170,0.399636,0.236262,0.164911,0.129443,0.306330,0.317576,0.899170,STGP-EF
Doymuş Buhar,s buhar (çıktı),EF,1.000000,0.999932,0.000000,0.006144,0.000000,0.004577,0.000000,0.021037,1.000000,0.999045,0.000000,0.022989,0.000000,0.013419,0.000000,0.067818,0.999932,Base
Doymuş Buhar,s buhar (çıktı),ET,1.000000,0.999575,0.000000,0.015336,0.000000,0.006528,0.000000,0.013295,1.000000,0.999528,0.000000,0.016156,0.000000,0.012624,0.000000,0.055323,0.999575,Base
Doymuş Buhar,s buhar (çıktı),GBDT,0.999998,0.973692,0.001509,0.120682,0.000964,0.063394,0.003333,0.216006,0.999999,0.996633,0.001068,0.043171,0.000801,0.027712,0.002932,0.087320,0.996633,STGP-EF
Doymuş Buhar,s buhar (çıktı),GP,0.276213,0.066516,0.850757,0.718872,0.398975,0.366439,1.718659,1.017924,0.945324,0.964561,0.233828,0.140067,0.150513,0.094293,0.907706,0.445279,0.964561,STGP-EF
Doymuş Buhar,s buhar (çıktı),KNN,0.977609,0.985428,0.149635,0.089817,0.039227,0.040310,0.161957,0.112595,0.977895,0.991299,0.148679,0.069405,0.039232,0.037742,0.144493,0.088609,0.991299,STGP-EF
Doymuş Buhar,s buhar (çıktı),LightGBM,0.480323,0.459052,0.720886,0.547238,0.319438,0.264704,0.922401,0.947224,0.962599,0.952964,0.193392,0.161367,0.091349,0.106772,0.233400,0.178064,0.952964,STGP-EF
Doymuş Buhar,s buhar (çıktı),RF,0.997919,0.989941,0.045615,0.074623,0.015157,0.036113,0.075086,0.126812,0.998176,0.998908,0.042707,0.024589,0.015132,0.017331,0.081116,0.080988,0.998908,STGP-EF
Doymuş Buhar,s buhar (çıktı),XGBoost,0.999994,0.978514,0.002540,0.109062,0.001718,0.061928,0.004842,0.211443,0.999997,0.979516,0.001726,0.106490,0.001130,0.055287,0.002584,0.152626,0.979516,STGP-EF
Doymuş Buhar,s sıvı (çıktı),AdaBoost,0.999453,0.999553,0.023388,0.020829,0.016865,0.017173,0.416807,0.048584,0.998684,0.999145,0.036277,0.028809,0.026592,0.020851,0.648540,0.052088,0.999553,Base
Doymuş Buhar,s sıvı (çıktı),CatBoost,0.999787,0.999477,0.014591,0.022523,0.011161,0.019142,0.237348,0.075019,0.999823,0.999634,0.013302,0.018856,0.010299,0.016099,0.551256,0.061313,0.999634,STGP-EF
Doymuş Buhar,s sıvı (çıktı),DART,0.972166,0.975260,0.166835,0.154955,0.112221,0.108026,0.773630,0.146009,0.975131,0.978214,0.157700,0.145411,0.102992,0.101616,0.193402,0.146559,0.978214,STGP-EF
Doymuş Buhar,s sıvı (çıktı),EF,1.000000,0.999987,0.000000,0.003493,0.000000,0.002829,0.000000,0.014131,1.000000,0.999987,0.000000,0.003508,0.000000,0.002789,0.000000,0.014285,0.999987,Base
Doymuş Buhar,s sıvı (çıktı),ET,1.000000,0.999994,0.000000,0.002392,0.000000,0.001954,0.000000,0.008562,1.000000,0.999996,0.000000,0.002004,0.000000,0.001555,0.000000,0.004618,0.999996,STGP-EF
Doymuş Buhar,s sıvı (çıktı),GBDT,0.999999,0.999266,0.001176,0.026697,0.000874,0.026566,0.009356,0.091272,0.999999,0.999546,0.001176,0.020980,0.000874,0.018830,0.009356,0.077824,0.999546,STGP-EF
Doymuş Buhar,s sıvı (çıktı),GP,0.999633,0.999771,0.019148,0.014915,0.014110,0.011436,0.033999,0.019329,0.999633,0.999771,0.019148,0.014915,0.014110,0.011436,0.033999,0.019329,0.999771,Base
Doymuş Buhar,s sıvı (çıktı),KNN,0.999679,0.999652,0.017914,0.018371,0.010792,0.016325,0.205459,0.059088,0.999662,0.999695,0.018386,0.017202,0.011300,0.015293,0.204738,0.057114,0.999695,STGP-EF
Doymuş Buhar,s sıvı (çıktı),LightGBM,0.979554,0.977801,0.142990,0.146782,0.089576,0.101823,0.857821,0.159252,0.982557,0.982696,0.132071,0.129593,0.076083,0.085508,0.412855,0.159958,0.982696,STGP-EF
Doymuş Buhar,s sıvı (çıktı),RF,0.999953,0.999762,0.006879,0.015188,0.005737,0.013784,0.167171,0.042159,0.999966,0.999885,0.005794,0.010568,0.004483,0.009008,0.128162,0.026140,0.999885,STGP-EF
Doymuş Buhar,s sıvı (çıktı),XGBoost,0.999996,0.998999,0.002040,0.031175,0.001580,0.029829,0.009944,0.098216,0.999996,0.998999,0.002040,0.031175,0.001580,0.029829,0.009944,0.098216,0.998999,Base
Doymuş Buhar,v buhar (çıktı),AdaBoost,0.996409,0.990927,0.059926,0.086049,0.046716,0.065917,0.090368,0.245738,0.996141,0.992213,0.062118,0.079718,0.051581,0.064627,0.142182,0.458462,0.992213,STGP-EF
Doymuş Buhar,v buhar (çıktı),CatBoost,0.999851,0.997066,0.012223,0.048931,0.008817,0.029574,0.023079,0.430519,0.999763,0.999002,0.015383,0.028544,0.009552,0.020095,0.027002,0.288089,0.999002,STGP-EF
Doymuş Buhar,v buhar (çıktı),DART,0.845080,0.832681,0.393598,0.369515,0.186966,0.199880,0.226374,0.424993,0.859659,0.872112,0.374622,0.323053,0.176834,0.169631,0.193144,0.679867,0.872112,STGP-EF
Doymuş Buhar,v buhar (çıktı),EF,1.000000,0.999953,0.000000,0.006222,0.000000,0.002969,0.000000,0.013184,1.000000,0.999841,0.000000,0.011383,0.000000,0.006682,0.000000,0.058062,0.999953,Base
Doymuş Buhar,v buhar (çıktı),ET,1.000000,0.999977,0.000000,0.004366,0.000000,0.002678,0.000000,0.025663,1.000000,0.999985,0.000000,0.003458,0.000000,0.002125,0.000000,0.061528,0.999985,STGP-EF
Doymuş Buhar,v buhar (çıktı),GBDT,0.999999,0.996527,0.000827,0.053234,0.000601,0.036309,0.001871,0.472047,0.999999,0.998635,0.000725,0.033372,0.000506,0.022509,0.002148,0.248151,0.998635,STGP-EF
Doymuş Buhar,v buhar (çıktı),GP,0.928984,0.939811,0.266488,0.221625,0.228836,0.182248,0.617228,3.406380,0.745211,0.859422,0.504766,0.338703,0.280513,0.245264,0.812841,6.733288,0.939811,Base
Doymuş Buhar,v buhar (çıktı),KNN,0.997558,0.998411,0.049420,0.036013,0.017509,0.022518,0.029598,0.403731,0.997561,0.998674,0.049387,0.032894,0.017420,0.020954,0.027299,0.401365,0.998674,STGP-EF
Doymuş Buhar,v buhar (çıktı),LightGBM,0.851963,0.801085,0.384756,0.402896,0.161883,0.199347,0.176415,0.505858,0.866610,0.850292,0.365226,0.349529,0.146337,0.160539,0.138490,0.915185,0.850292,STGP-EF
Doymuş Buhar,v buhar (çıktı),RF,0.999715,0.998877,0.016880,0.030278,0.007583,0.018941,0.016024,0.114101,0.999764,0.999648,0.015353,0.016948,0.006325,0.009840,0.011434,0.069860,0.999648,STGP-EF
Doymuş Buhar,v buhar (çıktı),XGBoost,0.999996,0.995102,0.001948,0.063220,0.001369,0.042783,0.003215,0.504847,0.999997,0.995101,0.001710,0.063228,0.001223,0.042750,0.002874,0.513576,0.995102,Base
Doymuş Buhar,v sıvı (çıktı),AdaBoost,0.997465,0.997100,0.050344,0.054304,0.037488,0.040408,0.105567,0.045673,0.998529,0.998907,0.038354,0.033334,0.026009,0.026394,0.100633,0.041929,0.998907,STGP-EF
Doymuş Buhar,v sıvı (çıktı),CatBoost,0.999774,0.998553,0.015037,0.038359,0.011133,0.021296,0.043046,0.024708,0.999803,0.998778,0.014026,0.035243,0.010643,0.022756,0.049655,0.031351,0.998778,STGP-EF
Doymuş Buhar,v sıvı (çıktı),DART,0.902911,0.934492,0.311591,0.258083,0.150914,0.136348,0.192748,0.124461,0.903707,0.934323,0.310311,0.258416,0.146721,0.139242,0.151758,0.125361,0.934492,Base
Doymuş Buhar,v sıvı (çıktı),EF,1.000000,0.999990,0.000000,0.003245,0.000000,0.001879,0.000000,0.004615,1.000000,0.999982,0.000000,0.004278,0.000000,0.002596,0.000000,0.008401,0.999990,Base
Doymuş Buhar,v sıvı (çıktı),ET,1.000000,0.999988,0.000000,0.003481,0.000000,0.002173,0.000000,0.002758,1.000000,0.999977,0.000000,0.004814,0.000000,0.002482,0.000000,0.003412,0.999988,Base
Doymuş Buhar,v sıvı (çıktı),GBDT,0.999998,0.997804,0.001263,0.047248,0.000922,0.029501,0.004651,0.041510,0.999998,0.999364,0.001301,0.025430,0.000889,0.017637,0.005252,0.023568,0.999364,STGP-EF
Doymuş Buhar,v sıvı (çıktı),GP,0.956259,0.954063,0.209143,0.216119,0.151282,0.178051,0.487932,0.300845,0.814430,0.835131,0.430779,0.409434,0.279609,0.282852,1.576563,0.483429,0.954063,Base
Doymuş Buhar,v sıvı (çıktı),KNN,0.997139,0.998926,0.053485,0.033050,0.016056,0.018324,0.022548,0.025477,0.997098,0.999560,0.053872,0.021155,0.016656,0.014525,0.020867,0.022927,0.999560,STGP-EF
Doymuş Buhar,v sıvı (çıktı),LightGBM,0.909816,0.942944,0.300307,0.240861,0.135697,0.118724,0.206715,0.122016,0.911376,0.944766,0.297698,0.236983,0.121669,0.102778,0.140121,0.092933,0.944766,STGP-EF
Doymuş Buhar,v sıvı (çıktı),RF,0.999720,0.999185,0.016724,0.028782,0.007363,0.016618,0.031416,0.021980,0.999756,0.999895,0.015635,0.010348,0.006304,0.007032,0.025070,0.014178,0.999895,STGP-EF
Doymuş Buhar,v sıvı (çıktı),XGBoost,0.999995,0.998102,0.002225,0.043929,0.001681,0.029058,0.004426,0.040311,0.999996,0.998050,0.001907,0.044522,0.001421,0.030162,0.004215,0.042620,0.998102,Base
Kızgın Buhar,h (çıktı),AdaBoost,0.964808,0.970343,0.187595,0.192986,0.158001,0.157278,0.689064,0.461974,0.997703,0.997784,0.047923,0.052751,0.035796,0.041503,0.212416,0.138229,0.997784,STGP-EF
Kızgın Buhar,h (çıktı),CatBoost,0.999515,0.998791,0.022012,0.038961,0.016887,0.028537,0.077856,0.094676,0.999720,0.999269,0.016743,0.030300,0.013488,0.024030,0.065331,0.072500,0.999269,STGP-EF
Kızgın Buhar,h (çıktı),DART,0.977191,0.977607,0.151025,0.167692,0.091814,0.112277,0.256348,0.242306,0.985237,0.985624,0.121503,0.134363,0.070551,0.082482,0.093793,0.099893,0.985624,STGP-EF
Kızgın Buhar,h (çıktı),EF,1.000000,0.999840,0.000000,0.014180,0.000000,0.008915,0.000000,0.020470,1.000000,0.999833,0.000000,0.014466,0.000000,0.010002,0.000000,0.019027,0.999840,Base
Kızgın Buhar,h (çıktı),ET,1.000000,0.999662,0.000000,0.020610,0.000000,0.008701,0.000000,0.014977,1.000000,0.999672,0.000000,0.020296,0.000000,0.013423,0.000000,0.020950,0.999672,STGP-EF
Kızgın Buhar,h (çıktı),GBDT,0.999348,0.998111,0.025526,0.048712,0.019698,0.037804,0.097183,0.091523,0.999966,0.999372,0.005806,0.028073,0.004460,0.021383,0.024712,0.045533,0.999372,STGP-EF
Kızgın Buhar,h (çıktı),GP,0.987833,0.988953,0.110302,0.117780,0.081765,0.089014,0.258705,0.180093,0.986280,0.986714,0.117135,0.129169,0.074529,0.087248,0.235038,0.164894,0.988953,Base
Kızgın Buhar,h (çıktı),KNN,0.996451,0.997315,0.059573,0.058068,0.036029,0.045358,0.127114,0.183327,0.999093,0.999435,0.030123,0.026643,0.014705,0.019734,0.040317,0.041594,0.999435,STGP-EF
Kızgın Buhar,h (çıktı),LightGBM,0.988077,0.985860,0.109191,0.133257,0.046454,0.069869,0.194649,0.117496,0.993719,0.994145,0.079256,0.085745,0.020619,0.039697,0.025413,0.058406,0.994145,STGP-EF
Kızgın Buhar,h (çıktı),RF,0.999660,0.998546,0.018438,0.042730,0.011297,0.029630,0.049294,0.072430,0.999888,0.999495,0.010582,0.025179,0.006740,0.019488,0.021233,0.045099,0.999495,STGP-EF
Kızgın Buhar,h (çıktı),XGBoost,0.999963,0.998758,0.006110,0.039491,0.004263,0.027734,0.027750,0.094479,0.999997,0.998946,0.001703,0.036385,0.001282,0.025380,0.004750,0.059411,0.998946,STGP-EF
Kızgın Buhar,s (çıktı),AdaBoost,0.931583,0.865461,0.261567,0.321539,0.218334,0.264104,1.138478,1.479351,0.989645,0.986104,0.101759,0.103336,0.086168,0.086366,0.580826,0.509576,0.986104,STGP-EF
Kızgın Buhar,s (çıktı),CatBoost,0.999236,0.995891,0.027637,0.056194,0.021724,0.038865,0.092026,0.168722,0.999699,0.997552,0.017343,0.043376,0.013679,0.031916,0.064652,0.146458,0.997552,STGP-EF
Kızgın Buhar,s (çıktı),DART,0.972614,0.959537,0.165489,0.176335,0.098935,0.121881,0.255923,0.390865,0.987762,0.987901,0.110624,0.096423,0.070320,0.071275,0.125631,0.225179,0.987901,STGP-EF
Kızgın Buhar,s (çıktı),EF,1.000000,0.997857,0.000000,0.040578,0.000000,0.021732,0.000000,0.115992,1.000000,0.995781,0.000000,0.056938,0.000000,0.023499,0.000000,0.128806,0.997857,Base
Kızgın Buhar,s (çıktı),ET,1.000000,0.996586,0.000000,0.051224,0.000000,0.027366,0.000000,0.103377,1.000000,0.995452,0.000000,0.059118,0.000000,0.030339,0.000000,0.154587,0.996586,Base
Kızgın Buhar,s (çıktı),GBDT,0.997931,0.991076,0.045488,0.082814,0.034463,0.062821,0.172046,0.303366,0.999893,0.995454,0.010324,0.059105,0.007949,0.034861,0.057452,0.176768,0.995454,STGP-EF
Kızgın Buhar,s (çıktı),GP,0.779304,0.720838,0.469782,0.463168,0.295636,0.299897,1.463968,1.241663,0.822593,0.868168,0.421197,0.318288,0.218078,0.185616,0.395507,0.758127,0.868168,STGP-EF
Kızgın Buhar,s (çıktı),KNN,0.987834,0.968649,0.110297,0.155216,0.061863,0.091770,0.499685,0.358751,0.994821,0.988407,0.071963,0.094386,0.040809,0.053335,0.099669,0.274688,0.988407,STGP-EF
Kızgın Buhar,s (çıktı),LightGBM,0.987752,0.977104,0.110671,0.132645,0.053933,0.075830,0.124467,0.291951,0.999091,0.995217,0.030153,0.060624,0.013094,0.039918,0.043622,0.206764,0.995217,STGP-EF
Kızgın Buhar,s (çıktı),RF,0.998865,0.984571,0.033684,0.108889,0.021833,0.073382,0.121675,0.374301,0.999347,0.994342,0.025558,0.065939,0.014230,0.037162,0.052246,0.211750,0.994342,STGP-EF
Kızgın Buhar,s (çıktı),XGBoost,0.999955,0.994127,0.006678,0.067181,0.004768,0.050752,0.026076,0.257981,0.999998,0.993523,0.001362,0.070548,0.000998,0.040688,0.012926,0.180033,0.994127,Base
Kızgın Buhar,v (çıktı),AdaBoost,0.994078,0.982212,0.076956,0.109476,0.063301,0.082899,0.340728,0.253964,0.995303,0.992324,0.068537,0.071914,0.057507,0.060057,0.217219,0.188528,0.992324,STGP-EF
Kızgın Buhar,v (çıktı),CatBoost,0.999921,0.997872,0.008916,0.037870,0.006011,0.014764,0.033090,0.037199,0.999891,0.999322,0.010461,0.021378,0.006824,0.013512,0.033333,0.047044,0.999322,STGP-EF
Kızgın Buhar,v (çıktı),DART,0.981997,0.990836,0.134175,0.078577,0.063246,0.051602,0.126959,0.105044,0.984349,0.995174,0.125103,0.057024,0.057181,0.041623,0.082752,0.090747,0.995174,STGP-EF
Kızgın Buhar,v (çıktı),EF,1.000000,0.999800,0.000395,0.011614,0.000239,0.004668,0.000702,0.015043,1.000000,0.999947,0.000585,0.006003,0.000073,0.003549,0.000170,0.012353,0.999947,STGP-EF
Kızgın Buhar,v (çıktı),ET,1.000000,0.999753,0.000000,0.012905,0.000000,0.004568,0.000000,0.013950,1.000000,0.999943,0.000000,0.006222,0.000000,0.003635,0.000000,0.014606,0.999943,STGP-EF
Kızgın Buhar,v (çıktı),GBDT,0.999983,0.999307,0.004164,0.021614,0.002853,0.010424,0.018479,0.027218,0.999988,0.999421,0.003513,0.019757,0.002508,0.011542,0.016523,0.035387,0.999421,STGP-EF
Kızgın Buhar,v (çıktı),GP,0.049005,0.076159,0.975190,0.788964,0.404532,0.352752,1.157688,0.725306,-0.156039,-0.185936,1.075192,0.893901,0.505213,0.458454,2.141493,1.230944,0.076159,Base
Kızgın Buhar,v (çıktı),KNN,0.913404,0.752068,0.294272,0.408719,0.104966,0.155560,0.275409,0.278334,0.999626,0.998791,0.019334,0.028539,0.007193,0.015734,0.031641,0.046401,0.998791,STGP-EF
Kızgın Buhar,v (çıktı),LightGBM,0.996418,0.996131,0.059850,0.051059,0.020705,0.021628,0.078442,0.057220,0.998101,0.997464,0.043575,0.041337,0.012115,0.017233,0.029858,0.036611,0.997464,STGP-EF
Kızgın Buhar,v (çıktı),RF,0.999951,0.999132,0.007035,0.024188,0.003187,0.011434,0.014792,0.032945,0.999968,0.999559,0.005615,0.017243,0.002693,0.009475,0.013887,0.029813,0.999559,STGP-EF
Kızgın Buhar,v (çıktı),XGBoost,0.999990,0.998142,0.003236,0.035383,0.002218,0.015145,0.020622,0.037176,0.999997,0.997807,0.001662,0.038436,0.001179,0.017254,0.007620,0.041580,0.998142,Base

SCENARIO BASED COMPARISON
Scenario,Win_Count,Win_Rate_%,Scenario_Mean_Test_R2,Winner_Mean_Max_Test_R2
Base,33,30.0,0.954694,0.964002
STGP-EF,77,70.0,0.975841,0.987026
