Veri Seti,Target,Algorithm,Base_Train_R2,Base_Test_R2,Base_Train_RMSE,Base_Test_RMSE,Base_Train_MAE,Base_Test_MAE,Base_Train_MAPE,Base_Test_MAPE,SMOGN_Train_R2,SMOGN_Test_R2,SMOGN_Train_RMSE,SMOGN_Test_RMSE,SMOGN_Train_MAE,SMOGN_Test_MAE,SMOGN_Train_MAPE,SMOGN_Test_MAPE,STGP-EF_Train_R2,STGP-EF_Test_R2,STGP-EF_Train_RMSE,STGP-EF_Test_RMSE,STGP-EF_Train_MAE,STGP-EF_Test_MAE,STGP-EF_Train_MAPE,STGP-EF_Test_MAPE,SMOGN+STGP-EF_Train_R2,SMOGN+STGP-EF_Test_R2,SMOGN+STGP-EF_Train_RMSE,SMOGN+STGP-EF_Test_RMSE,SMOGN+STGP-EF_Train_MAE,SMOGN+STGP-EF_Test_MAE,SMOGN+STGP-EF_Train_MAPE,SMOGN+STGP-EF_Test_MAPE,Max_Test_R2,Max_Scenario
Doymuş Buhar,P(çıktı),AdaBoost,0.998820,0.998632,0.034349,0.037651,0.024249,0.029803,0.050935,0.036727,0.998828,0.998523,0.040119,0.039120,0.029993,0.027262,0.066666,0.037099,0.998316,0.998188,0.041040,0.043340,0.029083,0.036201,0.068196,0.047334,0.998839,0.998917,0.039936,0.033498,0.027849,0.026881,0.051363,0.040742,0.998917,SMOGN+STGP-EF
Doymuş Buhar,P(çıktı),CatBoost,0.999832,0.999492,0.012947,0.022948,0.010091,0.016699,0.033730,0.030706,0.999868,0.999240,0.013451,0.028071,0.010192,0.020713,0.034650,0.051995,0.999831,0.999424,0.012997,0.024432,0.009381,0.019090,0.060042,0.034941,0.999874,0.999490,0.013135,0.022987,0.009433,0.017324,0.030717,0.034267,0.999492,Base
Doymuş Buhar,P(çıktı),DART,0.954390,0.960980,0.213566,0.201105,0.120043,0.114984,0.149688,0.109658,0.984293,0.989656,0.146864,0.103543,0.103845,0.080503,0.137963,0.096877,0.956825,0.962388,0.207785,0.197442,0.115192,0.116810,0.130172,0.104138,0.984635,0.990752,0.145256,0.097905,0.102204,0.072087,0.119662,0.073868,0.990752,SMOGN+STGP-EF
Doymuş Buhar,P(çıktı),EF,1.000000,0.999990,0.000000,0.003178,0.000000,0.002246,0.000000,0.003608,1.000000,0.999969,0.000000,0.005632,0.000000,0.004088,0.000000,0.005721,1.000000,0.999989,0.000000,0.003344,0.000000,0.002433,0.000000,0.006043,1.000000,0.999962,0.000000,0.006269,0.000000,0.004392,0.000000,0.005750,0.999990,Base
Doymuş Buhar,P(çıktı),ET,1.000000,0.999994,0.000000,0.002481,0.000000,0.001703,0.000000,0.002392,1.000000,0.999988,0.000000,0.003591,0.000000,0.002353,0.000000,0.002958,1.000000,0.999995,0.000000,0.002321,0.000000,0.001790,0.000000,0.003682,1.000000,0.999990,0.000000,0.003282,0.000000,0.002436,0.000000,0.002863,0.999995,STGP-EF
Doymuş Buhar,P(çıktı),GBDT,1.000000,0.999179,0.000626,0.029176,0.000434,0.021857,0.001545,0.036836,0.999998,0.999325,0.001440,0.026455,0.001098,0.020127,0.004060,0.038843,0.999999,0.999709,0.000757,0.017355,0.000504,0.012955,0.002494,0.027296,0.999998,0.999489,0.001440,0.023012,0.001098,0.017323,0.004060,0.035332,0.999709,STGP-EF
Doymuş Buhar,P(çıktı),GP,0.972787,0.973696,0.164965,0.165114,0.122257,0.138096,0.367344,0.262860,0.975355,0.973696,0.183966,0.165114,0.132798,0.138096,0.318544,0.262860,0.984473,0.990316,0.124609,0.100187,0.114552,0.091307,0.512080,0.186174,0.965540,0.939542,0.217536,0.250325,0.177092,0.213753,0.882275,0.501342,0.990316,STGP-EF
Doymuş Buhar,P(çıktı),KNN,0.999489,0.999727,0.022609,0.016813,0.010029,0.012922,0.021244,0.022791,0.999746,0.999338,0.018670,0.026201,0.013037,0.017105,0.032391,0.028523,0.999444,0.999767,0.023574,0.015555,0.010696,0.011522,0.018787,0.021094,0.999761,0.999684,0.018109,0.018108,0.012523,0.012471,0.030605,0.023460,0.999767,STGP-EF
Doymuş Buhar,P(çıktı),LightGBM,0.961671,0.970999,0.195779,0.173374,0.093797,0.087559,0.124232,0.095025,0.991485,0.996190,0.108137,0.062842,0.055464,0.040826,0.079730,0.066645,0.990424,0.993753,0.097857,0.080468,0.057827,0.045541,0.195107,0.087852,0.991784,0.996631,0.106217,0.059089,0.049090,0.036531,0.049876,0.050501,0.996631,SMOGN+STGP-EF
Doymuş Buhar,P(çıktı),RF,0.999933,0.999727,0.008177,0.016810,0.005530,0.011760,0.020319,0.019708,0.999962,0.999715,0.007218,0.017186,0.005127,0.012507,0.016653,0.021504,0.999949,0.999936,0.007110,0.008125,0.004429,0.006078,0.012275,0.010708,0.999963,0.999813,0.007133,0.013923,0.004882,0.009694,0.015238,0.014460,0.999936,STGP-EF
Doymuş Buhar,P(çıktı),XGBoost,0.999996,0.999141,0.002115,0.029840,0.001560,0.023396,0.003214,0.039670,0.999996,0.998763,0.002360,0.035807,0.001821,0.025623,0.003413,0.046073,0.999994,0.998999,0.002347,0.032215,0.001680,0.025790,0.003793,0.042666,0.999996,0.998763,0.002360,0.035807,0.001821,0.025623,0.003413,0.046073,0.999141,Base
Doymuş Buhar,h buhar (çıktı),AdaBoost,0.994945,0.996068,0.071102,0.059577,0.054026,0.048054,0.147649,0.279636,0.996069,0.995346,0.072503,0.064815,0.061359,0.056272,0.086723,0.224492,0.998623,0.998543,0.037103,0.036263,0.024655,0.025451,0.035130,0.033488,0.998262,0.998385,0.048201,0.038180,0.038180,0.030217,0.048312,0.148660,0.998543,STGP-EF
Doymuş Buhar,h buhar (çıktı),CatBoost,0.999825,0.999301,0.013228,0.025125,0.009246,0.020832,0.045856,0.133518,0.999847,0.999055,0.014287,0.029215,0.010809,0.022707,0.020417,0.122176,0.999879,0.999217,0.011006,0.026589,0.007942,0.018955,0.028607,0.083561,0.999871,0.999292,0.013111,0.025285,0.009522,0.019978,0.019701,0.100632,0.999301,Base
Doymuş Buhar,h buhar (çıktı),DART,0.973731,0.976512,0.162078,0.145614,0.111604,0.100831,0.139507,0.219238,0.988624,0.989497,0.123331,0.097372,0.102729,0.081533,0.116807,0.273712,0.980390,0.983860,0.140035,0.120707,0.092806,0.082225,0.119526,0.147922,0.991101,0.990261,0.109080,0.093764,0.090198,0.076672,0.089788,0.195366,0.990261,SMOGN+STGP-EF
Doymuş Buhar,h buhar (çıktı),EF,1.000000,0.999984,0.000000,0.003755,0.000000,0.003064,0.000000,0.020047,1.000000,0.999960,0.000000,0.006040,0.000000,0.004547,0.000000,0.019726,1.000000,0.999948,0.000000,0.006884,0.000000,0.003570,0.000000,0.010733,1.000000,0.999961,0.000000,0.005951,0.000000,0.004667,0.000000,0.021661,0.999984,Base
Doymuş Buhar,h buhar (çıktı),ET,1.000000,0.999992,0.000000,0.002717,0.000000,0.002044,0.000000,0.009662,1.000000,0.999974,0.000000,0.004805,0.000000,0.003193,0.000000,0.009364,1.000000,0.999996,0.000000,0.001906,0.000000,0.001378,0.000000,0.004891,1.000000,0.999967,0.000000,0.005458,0.000000,0.003805,0.000000,0.015516,0.999996,STGP-EF
Doymuş Buhar,h buhar (çıktı),GBDT,1.000000,0.998990,0.000589,0.030191,0.000409,0.028813,0.001479,0.136508,0.999999,0.999018,0.001376,0.029774,0.001007,0.027106,0.001456,0.135866,0.999999,0.999458,0.000766,0.022112,0.000515,0.019373,0.001498,0.090698,0.999998,0.999419,0.001433,0.022906,0.001027,0.020431,0.001206,0.126023,0.999458,STGP-EF
Doymuş Buhar,h buhar (çıktı),GP,0.947306,0.951791,0.229552,0.208613,0.172313,0.156895,0.562627,0.786328,0.962912,0.951791,0.222689,0.208613,0.169003,0.156895,0.280066,0.786328,0.947306,0.951791,0.229552,0.208613,0.172313,0.156895,0.562627,0.786328,0.982606,0.968788,0.152505,0.167856,0.127625,0.151634,0.248750,0.889400,0.968788,SMOGN+STGP-EF
Doymuş Buhar,h buhar (çıktı),KNN,0.999471,0.999429,0.022992,0.022702,0.012244,0.018699,0.026123,0.096303,0.999622,0.999260,0.022467,0.025848,0.013848,0.020687,0.032931,0.184079,0.999471,0.999493,0.022996,0.021401,0.012284,0.017709,0.023121,0.094938,0.999629,0.999140,0.022279,0.027859,0.013511,0.022291,0.026762,0.209097,0.999493,STGP-EF
Doymuş Buhar,h buhar (çıktı),LightGBM,0.981103,0.974732,0.137468,0.151029,0.079871,0.095730,0.103539,0.223096,0.995773,0.994379,0.075181,0.071231,0.048312,0.054099,0.071508,0.206206,0.996371,0.991053,0.060244,0.089869,0.037876,0.055362,0.070445,0.195284,0.998214,0.996235,0.048862,0.058298,0.024288,0.038230,0.023513,0.144018,0.996235,SMOGN+STGP-EF
Doymuş Buhar,h buhar (çıktı),RF,0.999931,0.999666,0.008298,0.017360,0.006093,0.014874,0.024104,0.061571,0.999953,0.999598,0.007956,0.019042,0.005565,0.016069,0.013695,0.107082,0.999947,0.999791,0.007268,0.013723,0.004744,0.009303,0.012456,0.026397,0.999950,0.999704,0.008168,0.016338,0.005824,0.013488,0.011325,0.074811,0.999791,STGP-EF
Doymuş Buhar,h buhar (çıktı),XGBoost,0.999995,0.998603,0.002293,0.035508,0.001742,0.032373,0.003231,0.139664,0.999996,0.998023,0.002377,0.042245,0.001785,0.035592,0.002265,0.261172,0.999996,0.998396,0.001933,0.038048,0.001451,0.033128,0.003360,0.139578,0.999997,0.998088,0.001946,0.041546,0.001464,0.034905,0.001796,0.259332,0.998603,Base
Doymuş Buhar,h sıvı (çıktı),AdaBoost,0.999100,0.999300,0.030006,0.026254,0.019759,0.022877,0.051070,0.123528,0.999407,0.999239,0.028688,0.027376,0.019418,0.023840,0.039958,0.146748,0.999390,0.999667,0.024697,0.018091,0.015634,0.015471,0.038908,0.127777,0.999384,0.999256,0.029244,0.027056,0.020691,0.020727,0.034495,0.053025,0.999667,STGP-EF
Doymuş Buhar,h sıvı (çıktı),CatBoost,0.999815,0.999592,0.013610,0.020037,0.010489,0.017063,0.031396,0.154381,0.999842,0.999203,0.014798,0.028016,0.011437,0.021817,0.027218,0.224916,0.999805,0.999590,0.013978,0.020079,0.010823,0.016987,0.038686,0.155555,0.999890,0.999647,0.012346,0.018639,0.009271,0.014879,0.027546,0.122340,0.999647,SMOGN+STGP-EF
Doymuş Buhar,h sıvı (çıktı),DART,0.971330,0.974902,0.169323,0.157175,0.111879,0.107656,0.141366,0.197953,0.988550,0.990066,0.126068,0.098882,0.099091,0.081251,0.120570,0.180614,0.972674,0.976017,0.165306,0.153644,0.107410,0.104598,0.109979,0.261454,0.990372,0.991791,0.115602,0.089889,0.090866,0.074828,0.088908,0.260500,0.991791,SMOGN+STGP-EF
Doymuş Buhar,h sıvı (çıktı),EF,1.000000,0.999993,0.000000,0.002650,0.000000,0.001930,0.000000,0.011435,1.000000,0.999979,0.000000,0.004542,0.000000,0.003369,0.000000,0.008882,1.000000,0.999988,0.000000,0.003384,0.000000,0.002496,0.000000,0.011745,1.000000,0.999986,0.000000,0.003739,0.000000,0.002827,0.000000,0.009321,0.999993,Base
Doymuş Buhar,h sıvı (çıktı),ET,1.000000,0.999994,0.000000,0.002340,0.000000,0.001919,0.000000,0.014757,1.000000,0.999988,0.000000,0.003479,0.000000,0.002463,0.000000,0.019952,1.000000,0.999996,0.000000,0.001936,0.000000,0.001605,0.000000,0.013549,1.000000,0.999988,0.000000,0.003483,0.000000,0.002625,0.000000,0.007721,0.999996,STGP-EF
Doymuş Buhar,h sıvı (çıktı),GBDT,0.999998,0.999313,0.001395,0.025996,0.000992,0.025341,0.003991,0.176842,0.999998,0.999324,0.001524,0.025800,0.001062,0.022485,0.003275,0.189765,0.999998,0.999554,0.001395,0.020951,0.000992,0.018809,0.003991,0.097228,0.999998,0.999446,0.001482,0.023361,0.001024,0.018694,0.003215,0.166592,0.999554,STGP-EF
Doymuş Buhar,h sıvı (çıktı),GP,0.994812,0.995494,0.072031,0.066596,0.058496,0.054800,0.195936,0.502876,0.995135,0.995494,0.082177,0.066596,0.066410,0.054800,0.167152,0.502876,0.994812,0.995494,0.072031,0.066596,0.058496,0.054800,0.195936,0.502876,0.995135,0.995494,0.082177,0.066596,0.066410,0.054800,0.167152,0.502876,0.995494,Base
Doymuş Buhar,h sıvı (çıktı),KNN,0.999654,0.999681,0.018595,0.017733,0.010708,0.015787,0.027717,0.116094,0.999790,0.999403,0.017086,0.024248,0.012714,0.018155,0.030051,0.128135,0.999617,0.999773,0.019581,0.014933,0.011676,0.013291,0.030883,0.113215,0.999760,0.999538,0.018254,0.021326,0.013538,0.015416,0.031988,0.120804,0.999773,STGP-EF
Doymuş Buhar,h sıvı (çıktı),LightGBM,0.978685,0.979325,0.145996,0.142654,0.089641,0.098296,0.118717,0.212906,0.995626,0.996406,0.077913,0.059479,0.049955,0.047177,0.080264,0.178381,0.980027,0.982659,0.141327,0.130646,0.081522,0.082798,0.093404,0.093114,0.999380,0.998655,0.029336,0.036384,0.021055,0.027083,0.049116,0.251348,0.998655,SMOGN+STGP-EF
Doymuş Buhar,h sıvı (çıktı),RF,0.999951,0.999771,0.007002,0.014998,0.005728,0.013448,0.012328,0.087067,0.999970,0.999699,0.006480,0.017214,0.005001,0.014225,0.010352,0.097417,0.999965,0.999888,0.005889,0.010496,0.004485,0.009016,0.010043,0.047715,0.999971,0.999777,0.006316,0.014825,0.004773,0.011910,0.010260,0.028467,0.999888,STGP-EF
Doymuş Buhar,h sıvı (çıktı),XGBoost,0.999995,0.999087,0.002301,0.029976,0.001762,0.028741,0.003634,0.192087,0.999995,0.998371,0.002530,0.040044,0.001945,0.032713,0.003395,0.211845,0.999995,0.999087,0.002301,0.029976,0.001762,0.028741,0.003634,0.192087,0.999998,0.997658,0.001718,0.048012,0.001298,0.037994,0.002157,0.216495,0.999087,Base
Doymuş Buhar,s buhar (çıktı),AdaBoost,0.958017,0.916272,0.204898,0.215295,0.170584,0.171846,0.651579,0.455725,0.963823,0.847410,0.225693,0.290644,0.191902,0.225858,1.372931,1.260096,0.994318,0.971594,0.075376,0.125403,0.052768,0.074302,0.168454,0.173535,0.996046,0.984690,0.074619,0.092064,0.058366,0.053217,0.092815,0.090213,0.984690,SMOGN+STGP-EF
Doymuş Buhar,s buhar (çıktı),CatBoost,0.999666,0.979281,0.018263,0.107098,0.013070,0.057263,0.073646,0.195467,0.999496,0.992943,0.026643,0.062506,0.019569,0.042317,0.213836,0.195982,0.999800,0.990379,0.014159,0.072979,0.010412,0.038861,0.080567,0.086742,0.999769,0.997787,0.018017,0.034998,0.012678,0.024818,0.065994,0.098366,0.997787,SMOGN+STGP-EF
Doymuş Buhar,s buhar (çıktı),DART,0.475183,0.447064,0.724443,0.553268,0.345659,0.288573,0.994115,0.966089,0.758681,0.633650,0.582906,0.450346,0.292913,0.232758,0.964883,1.518948,0.840291,0.899170,0.399636,0.236262,0.164911,0.129443,0.306330,0.317576,0.923565,0.947670,0.328056,0.170205,0.169499,0.125890,0.512112,0.527470,0.947670,SMOGN+STGP-EF
Doymuş Buhar,s buhar (çıktı),EF,1.000000,0.999932,0.000000,0.006144,0.000000,0.004577,0.000000,0.021037,1.000000,0.997654,0.000000,0.036035,0.000000,0.012940,0.000000,0.035370,1.000000,0.999045,0.000000,0.022989,0.000000,0.013419,0.000000,0.067818,1.000000,0.997432,0.000000,0.037706,0.000000,0.016165,0.000000,0.042518,0.999932,Base
Doymuş Buhar,s buhar (çıktı),ET,1.000000,0.999575,0.000000,0.015336,0.000000,0.006528,0.000000,0.013295,1.000000,0.997549,0.000000,0.036833,0.000000,0.010997,0.000000,0.019426,1.000000,0.999528,0.000000,0.016156,0.000000,0.012624,0.000000,0.055323,1.000000,0.997230,0.000000,0.039160,0.000000,0.018593,0.000000,0.054297,0.999575,Base
Doymuş Buhar,s buhar (çıktı),GBDT,0.999998,0.973692,0.001509,0.120682,0.000964,0.063394,0.003333,0.216006,0.999994,0.988860,0.002958,0.078531,0.002032,0.050865,0.008338,0.229555,0.999999,0.996633,0.001068,0.043171,0.000801,0.027712,0.002932,0.087320,0.999997,0.994050,0.002141,0.057392,0.001661,0.036557,0.006904,0.108956,0.996633,STGP-EF
Doymuş Buhar,s buhar (çıktı),GP,0.276213,0.066516,0.850757,0.718872,0.398975,0.366439,1.718659,1.017924,0.867341,0.821281,0.432187,0.314546,0.246713,0.212063,1.455924,1.045950,0.945324,0.964561,0.233828,0.140067,0.150513,0.094293,0.907706,0.445279,0.977049,0.913904,0.179764,0.218318,0.142117,0.153347,0.561686,0.369797,0.964561,STGP-EF
Doymuş Buhar,s buhar (çıktı),KNN,0.977609,0.985428,0.149635,0.089817,0.039227,0.040310,0.161957,0.112595,0.994952,0.992927,0.084310,0.062576,0.030451,0.039522,0.235137,0.221319,0.977895,0.991299,0.148679,0.069405,0.039232,0.037742,0.144493,0.088609,0.995255,0.994121,0.081735,0.057047,0.028718,0.034368,0.224464,0.184557,0.994121,SMOGN+STGP-EF
Doymuş Buhar,s buhar (çıktı),LightGBM,0.480323,0.459052,0.720886,0.547238,0.319438,0.264704,0.922401,0.947224,0.765667,0.596032,0.574407,0.472902,0.253478,0.223661,0.992297,1.606394,0.962599,0.952964,0.193392,0.161367,0.091349,0.106772,0.233400,0.178064,0.991759,0.969059,0.107720,0.130877,0.045231,0.079193,0.139790,0.251526,0.969059,SMOGN+STGP-EF
Doymuş Buhar,s buhar (çıktı),RF,0.997919,0.989941,0.045615,0.074623,0.015157,0.036113,0.075086,0.126812,0.998851,0.992366,0.040223,0.065009,0.014302,0.034327,0.089619,0.157369,0.998176,0.998908,0.042707,0.024589,0.015132,0.017331,0.081116,0.080988,0.998828,0.996407,0.040626,0.044601,0.014299,0.022924,0.040333,0.058151,0.998908,STGP-EF
Doymuş Buhar,s buhar (çıktı),XGBoost,0.999994,0.978514,0.002540,0.109062,0.001718,0.061928,0.004842,0.211443,0.999995,0.987718,0.002600,0.082457,0.001901,0.058584,0.004710,0.259078,0.999997,0.979516,0.001726,0.106490,0.001130,0.055287,0.002584,0.152626,0.999999,0.991881,0.001384,0.067041,0.001020,0.038665,0.002552,0.096515,0.991881,SMOGN+STGP-EF
Doymuş Buhar,s sıvı (çıktı),AdaBoost,0.999453,0.999553,0.023388,0.020829,0.016865,0.017173,0.416807,0.048584,0.995954,0.994810,0.075002,0.070971,0.061281,0.058838,1.290855,0.269307,0.998684,0.999145,0.036277,0.028809,0.026592,0.020851,0.648540,0.052088,0.999153,0.999325,0.034324,0.025595,0.023484,0.018837,0.189779,0.037849,0.999553,Base
Doymuş Buhar,s sıvı (çıktı),CatBoost,0.999787,0.999477,0.014591,0.022523,0.011161,0.019142,0.237348,0.075019,0.999841,0.999151,0.014880,0.028709,0.011437,0.022898,0.352757,0.092753,0.999823,0.999634,0.013302,0.018856,0.010299,0.016099,0.551256,0.061313,0.999877,0.999439,0.013104,0.023335,0.010259,0.014012,0.157540,0.055601,0.999634,STGP-EF
Doymuş Buhar,s sıvı (çıktı),DART,0.972166,0.975260,0.166835,0.154955,0.112221,0.108026,0.773630,0.146009,0.989093,0.990083,0.123148,0.098105,0.097693,0.081190,0.623158,0.144420,0.975131,0.978214,0.157700,0.145411,0.102992,0.101616,0.193402,0.146559,0.989786,0.991938,0.119171,0.088456,0.092699,0.072564,0.221418,0.121139,0.991938,SMOGN+STGP-EF
Doymuş Buhar,s sıvı (çıktı),EF,1.000000,0.999987,0.000000,0.003493,0.000000,0.002829,0.000000,0.014131,1.000000,0.999987,0.000000,0.003484,0.000000,0.002538,0.000000,0.004958,1.000000,0.999987,0.000000,0.003508,0.000000,0.002789,0.000000,0.014285,1.000000,0.999977,0.000000,0.004729,0.000000,0.003597,0.000000,0.013974,0.999987,Base
Doymuş Buhar,s sıvı (çıktı),ET,1.000000,0.999994,0.000000,0.002392,0.000000,0.001954,0.000000,0.008562,1.000000,0.999987,0.000000,0.003540,0.000000,0.002532,0.000000,0.007257,1.000000,0.999996,0.000000,0.002004,0.000000,0.001555,0.000000,0.004618,1.000000,0.999988,0.000000,0.003468,0.000000,0.002626,0.000000,0.006681,0.999996,STGP-EF
Doymuş Buhar,s sıvı (çıktı),GBDT,0.999999,0.999266,0.001176,0.026697,0.000874,0.026566,0.009356,0.091272,0.999999,0.999274,0.001324,0.026538,0.000961,0.023317,0.011533,0.092063,0.999999,0.999546,0.001176,0.020980,0.000874,0.018830,0.009356,0.077824,0.999999,0.999375,0.001324,0.024623,0.000961,0.020898,0.011533,0.064074,0.999546,STGP-EF
Doymuş Buhar,s sıvı (çıktı),GP,0.999633,0.999771,0.019148,0.014915,0.014110,0.011436,0.033999,0.019329,0.999630,0.999771,0.022687,0.014915,0.016410,0.011436,0.029630,0.019329,0.999633,0.999771,0.019148,0.014915,0.014110,0.011436,0.033999,0.019329,0.999630,0.999771,0.022687,0.014915,0.016410,0.011436,0.029630,0.019329,0.999771,Base
Doymuş Buhar,s sıvı (çıktı),KNN,0.999679,0.999652,0.017914,0.018371,0.010792,0.016325,0.205459,0.059088,0.999794,0.999412,0.016930,0.023883,0.012630,0.018113,0.180809,0.076082,0.999662,0.999695,0.018386,0.017202,0.011300,0.015293,0.204738,0.057114,0.999773,0.999559,0.017778,0.020680,0.013341,0.015270,0.181300,0.066679,0.999695,STGP-EF
Doymuş Buhar,s sıvı (çıktı),LightGBM,0.979554,0.977801,0.142990,0.146782,0.089576,0.101823,0.857821,0.159252,0.996155,0.996003,0.073118,0.062287,0.048752,0.048874,0.714418,0.135591,0.982557,0.982696,0.132071,0.129593,0.076083,0.085508,0.412855,0.159958,0.996830,0.996819,0.066394,0.055567,0.037120,0.037515,0.320041,0.123147,0.996819,SMOGN+STGP-EF
Doymuş Buhar,s sıvı (çıktı),RF,0.999953,0.999762,0.006879,0.015188,0.005737,0.013784,0.167171,0.042159,0.999971,0.999680,0.006395,0.017611,0.004970,0.014599,0.125935,0.053670,0.999966,0.999885,0.005794,0.010568,0.004483,0.009008,0.128162,0.026140,0.999974,0.999747,0.006058,0.015676,0.004598,0.012551,0.125637,0.039797,0.999885,STGP-EF
Doymuş Buhar,s sıvı (çıktı),XGBoost,0.999996,0.998999,0.002040,0.031175,0.001580,0.029829,0.009944,0.098216,0.999997,0.998388,0.002154,0.039553,0.001657,0.032586,0.011569,0.120758,0.999996,0.998999,0.002040,0.031175,0.001580,0.029829,0.009944,0.098216,0.999997,0.998388,0.002154,0.039553,0.001657,0.032586,0.011569,0.120758,0.998999,Base
Doymuş Buhar,v buhar (çıktı),AdaBoost,0.996409,0.990927,0.059926,0.086049,0.046716,0.065917,0.090368,0.245738,0.997844,0.995390,0.056127,0.061334,0.046538,0.046351,0.088702,0.226711,0.996141,0.992213,0.062118,0.079718,0.051581,0.064627,0.142182,0.458462,0.997583,0.993301,0.059424,0.073939,0.049275,0.058208,0.099294,0.296398,0.995390,SMOGN
Doymuş Buhar,v buhar (çıktı),CatBoost,0.999851,0.997066,0.012223,0.048931,0.008817,0.029574,0.023079,0.430519,0.999789,0.999106,0.017539,0.027017,0.012380,0.019271,0.041474,0.526068,0.999763,0.999002,0.015383,0.028544,0.009552,0.020095,0.027002,0.288089,0.999889,0.998114,0.012745,0.039231,0.008874,0.021948,0.022683,0.481393,0.999106,SMOGN
Doymuş Buhar,v buhar (çıktı),DART,0.845080,0.832681,0.393598,0.369515,0.186966,0.199880,0.226374,0.424993,0.961488,0.966968,0.237204,0.164182,0.122617,0.101977,0.127580,0.505084,0.859659,0.872112,0.374622,0.323053,0.176834,0.169631,0.193144,0.679867,0.966320,0.966133,0.221824,0.166244,0.112970,0.096750,0.109815,0.888251,0.966968,SMOGN
Doymuş Buhar,v buhar (çıktı),EF,1.000000,0.999953,0.000000,0.006222,0.000000,0.002969,0.000000,0.013184,1.000000,0.999960,0.000170,0.005694,0.000071,0.004062,0.000098,0.047214,1.000000,0.999841,0.000000,0.011383,0.000000,0.006682,0.000000,0.058062,1.000000,0.999955,0.000000,0.006079,0.000000,0.003808,0.000000,0.023512,0.999960,SMOGN
Doymuş Buhar,v buhar (çıktı),ET,1.000000,0.999977,0.000000,0.004366,0.000000,0.002678,0.000000,0.025663,1.000000,0.999977,0.000000,0.004366,0.000000,0.003177,0.000000,0.078811,1.000000,0.999985,0.000000,0.003458,0.000000,0.002125,0.000000,0.061528,1.000000,0.999960,0.000000,0.005702,0.000000,0.004157,0.000000,0.054854,0.999985,STGP-EF
Doymuş Buhar,v buhar (çıktı),GBDT,0.999999,0.996527,0.000827,0.053234,0.000601,0.036309,0.001871,0.472047,0.999999,0.998311,0.001386,0.037125,0.001043,0.026849,0.002313,0.469207,0.999999,0.998635,0.000725,0.033372,0.000506,0.022509,0.002148,0.248151,0.999999,0.998946,0.001290,0.029331,0.000996,0.022709,0.002144,0.461074,0.998946,SMOGN+STGP-EF
Doymuş Buhar,v buhar (çıktı),GP,0.928984,0.939811,0.266488,0.221625,0.228836,0.182248,0.617228,3.406380,0.897749,0.715135,0.386508,0.482146,0.277104,0.378232,0.903965,10.320214,0.745211,0.859422,0.504766,0.338703,0.280513,0.245264,0.812841,6.733288,0.992029,0.978523,0.107916,0.132389,0.091394,0.109467,0.210499,1.673549,0.978523,SMOGN+STGP-EF
Doymuş Buhar,v buhar (çıktı),KNN,0.997558,0.998411,0.049420,0.036013,0.017509,0.022518,0.029598,0.403731,0.999421,0.999296,0.029083,0.023965,0.016646,0.017157,0.030870,0.402561,0.997561,0.998674,0.049387,0.032894,0.017420,0.020954,0.027299,0.401365,0.999348,0.999297,0.030865,0.023959,0.017672,0.017122,0.030279,0.402497,0.999297,SMOGN+STGP-EF
Doymuş Buhar,v buhar (çıktı),LightGBM,0.851963,0.801085,0.384756,0.402896,0.161883,0.199347,0.176415,0.505858,0.969179,0.953010,0.212200,0.195822,0.085617,0.080796,0.086373,0.334980,0.866610,0.850292,0.365226,0.349529,0.146337,0.160539,0.138490,0.915185,0.974068,0.948145,0.194644,0.205709,0.074820,0.080625,0.070359,1.020695,0.953010,SMOGN
Doymuş Buhar,v buhar (çıktı),RF,0.999715,0.998877,0.016880,0.030278,0.007583,0.018941,0.016024,0.114101,0.999942,0.999310,0.009178,0.023730,0.005799,0.016548,0.012539,0.119601,0.999764,0.999648,0.015353,0.016948,0.006325,0.009840,0.011434,0.069860,0.999942,0.999518,0.009180,0.019838,0.005476,0.013870,0.009230,0.105620,0.999648,STGP-EF
Doymuş Buhar,v buhar (çıktı),XGBoost,0.999996,0.995102,0.001948,0.063220,0.001369,0.042783,0.003215,0.504847,0.999997,0.996552,0.002074,0.053043,0.001516,0.039520,0.002440,0.524034,0.999997,0.995101,0.001710,0.063228,0.001223,0.042750,0.002874,0.513576,0.999997,0.996555,0.001998,0.053025,0.001502,0.039736,0.002650,0.526631,0.996555,SMOGN+STGP-EF
Doymuş Buhar,v sıvı (çıktı),AdaBoost,0.997465,0.997100,0.050344,0.054304,0.037488,0.040408,0.105567,0.045673,0.997414,0.994696,0.061043,0.073434,0.047163,0.054311,0.095380,0.083466,0.998529,0.998907,0.038354,0.033334,0.026009,0.026394,0.100633,0.041929,0.997543,0.997077,0.059499,0.054515,0.044371,0.040487,0.078576,0.046722,0.998907,STGP-EF
Doymuş Buhar,v sıvı (çıktı),CatBoost,0.999774,0.998553,0.015037,0.038359,0.011133,0.021296,0.043046,0.024708,0.999833,0.999199,0.015498,0.028542,0.011678,0.020180,0.037469,0.054691,0.999803,0.998778,0.014026,0.035243,0.010643,0.022756,0.049655,0.031351,0.999835,0.999368,0.015401,0.025346,0.011369,0.018768,0.097278,0.035121,0.999368,SMOGN+STGP-EF
Doymuş Buhar,v sıvı (çıktı),DART,0.902911,0.934492,0.311591,0.258083,0.150914,0.136348,0.192748,0.124461,0.962574,0.984844,0.232207,0.124138,0.131480,0.083100,0.154712,0.099413,0.903707,0.934323,0.310311,0.258416,0.146721,0.139242,0.151758,0.125361,0.962967,0.985903,0.230982,0.119722,0.130055,0.074029,0.125770,0.074749,0.985903,SMOGN+STGP-EF
Doymuş Buhar,v sıvı (çıktı),EF,1.000000,0.999990,0.000000,0.003245,0.000000,0.001879,0.000000,0.004615,1.000000,0.999977,0.000000,0.004811,0.000000,0.003399,0.000000,0.004353,1.000000,0.999982,0.000000,0.004278,0.000000,0.002596,0.000000,0.008401,1.000000,0.999964,0.000000,0.006085,0.000000,0.003881,0.000000,0.006329,0.999990,Base
Doymuş Buhar,v sıvı (çıktı),ET,1.000000,0.999988,0.000000,0.003481,0.000000,0.002173,0.000000,0.002758,1.000000,0.999977,0.000000,0.004868,0.000000,0.002803,0.000000,0.003059,1.000000,0.999977,0.000000,0.004814,0.000000,0.002482,0.000000,0.003412,1.000000,0.999982,0.000000,0.004274,0.000000,0.002630,0.000000,0.002874,0.999988,Base
Doymuş Buhar,v sıvı (çıktı),GBDT,0.999998,0.997804,0.001263,0.047248,0.000922,0.029501,0.004651,0.041510,0.999997,0.998971,0.002030,0.032343,0.001522,0.022057,0.009603,0.038896,0.999998,0.999364,0.001301,0.025430,0.000889,0.017637,0.005252,0.023568,0.999997,0.999514,0.002030,0.022226,0.001522,0.015726,0.009603,0.021814,0.999514,SMOGN+STGP-EF
Doymuş Buhar,v sıvı (çıktı),GP,0.956259,0.954063,0.209143,0.216119,0.151282,0.178051,0.487932,0.300845,0.962959,0.946777,0.231007,0.232629,0.168896,0.191738,0.374827,0.309889,0.814430,0.835131,0.430779,0.409434,0.279609,0.282852,1.576563,0.483429,0.862638,0.888745,0.444855,0.336337,0.305082,0.241259,1.475415,0.475505,0.954063,Base
Doymuş Buhar,v sıvı (çıktı),KNN,0.997139,0.998926,0.053485,0.033050,0.016056,0.018324,0.022548,0.025477,0.999257,0.998506,0.032711,0.038973,0.017414,0.021018,0.051660,0.030719,0.997098,0.999560,0.053872,0.021155,0.016656,0.014525,0.020867,0.022927,0.999278,0.999557,0.032261,0.021221,0.016491,0.014020,0.049451,0.021922,0.999560,STGP-EF
Doymuş Buhar,v sıvı (çıktı),LightGBM,0.909816,0.942944,0.300307,0.240861,0.135697,0.118724,0.206715,0.122016,0.969786,0.988097,0.208635,0.110011,0.090604,0.058472,0.133804,0.075385,0.911376,0.944766,0.297698,0.236983,0.121669,0.102778,0.140121,0.092933,0.970134,0.988440,0.207431,0.108416,0.081378,0.053603,0.056216,0.052896,0.988440,SMOGN+STGP-EF
Doymuş Buhar,v sıvı (çıktı),RF,0.999720,0.999185,0.016724,0.028782,0.007363,0.016618,0.031416,0.021980,0.999922,0.999465,0.010581,0.023331,0.006429,0.014575,0.029512,0.022740,0.999756,0.999895,0.015635,0.010348,0.006304,0.007032,0.025070,0.014178,0.999922,0.999733,0.010604,0.016490,0.006100,0.011356,0.025884,0.015542,0.999895,STGP-EF
Doymuş Buhar,v sıvı (çıktı),XGBoost,0.999995,0.998102,0.002225,0.043929,0.001681,0.029058,0.004426,0.040311,0.999996,0.998398,0.002425,0.040360,0.001804,0.028782,0.004910,0.049689,0.999996,0.998050,0.001907,0.044522,0.001421,0.030162,0.004215,0.042620,0.999996,0.998398,0.002425,0.040360,0.001804,0.028782,0.004910,0.049689,0.998398,SMOGN
Kızgın Buhar,h (çıktı),AdaBoost,0.964808,0.970343,0.187595,0.192986,0.158001,0.157278,0.689064,0.461974,0.976059,0.968525,0.188903,0.198811,0.160023,0.158018,0.442672,0.361589,0.997703,0.997784,0.047923,0.052751,0.035796,0.041503,0.212416,0.138229,0.997685,0.995901,0.058741,0.071748,0.042403,0.057572,0.089679,0.128260,0.997784,STGP-EF
Kızgın Buhar,h (çıktı),CatBoost,0.999515,0.998791,0.022012,0.038961,0.016887,0.028537,0.077856,0.094676,0.999576,0.998672,0.025129,0.040833,0.019130,0.031007,0.083616,0.108694,0.999720,0.999269,0.016743,0.030300,0.013488,0.024030,0.065331,0.072500,0.999786,0.999210,0.017854,0.031500,0.014045,0.024210,0.045537,0.069284,0.999269,STGP-EF
Kızgın Buhar,h (çıktı),DART,0.977191,0.977607,0.151025,0.167692,0.091814,0.112277,0.256348,0.242306,0.985681,0.983325,0.146092,0.144708,0.104179,0.109257,0.263966,0.249791,0.985237,0.985624,0.121503,0.134363,0.070551,0.082482,0.093793,0.099893,0.991060,0.991552,0.115433,0.102998,0.084981,0.075439,0.090111,0.122626,0.991552,SMOGN+STGP-EF
Kızgın Buhar,h (çıktı),EF,1.000000,0.999840,0.000000,0.014180,0.000000,0.008915,0.000000,0.020470,1.000000,0.999798,0.000000,0.015912,0.000000,0.010281,0.000000,0.024341,1.000000,0.999833,0.000000,0.014466,0.000000,0.010002,0.000000,0.019027,1.000000,0.999827,0.000000,0.014760,0.000000,0.010710,0.000000,0.028465,0.999840,Base
Kızgın Buhar,h (çıktı),ET,1.000000,0.999662,0.000000,0.020610,0.000000,0.008701,0.000000,0.014977,1.000000,0.999698,0.000000,0.019475,0.000000,0.009208,0.000000,0.015786,1.000000,0.999672,0.000000,0.020296,0.000000,0.013423,0.000000,0.020950,1.000000,0.999730,0.000000,0.018422,0.000000,0.013697,0.000000,0.032726,0.999730,SMOGN+STGP-EF
Kızgın Buhar,h (çıktı),GBDT,0.999348,0.998111,0.025526,0.048712,0.019698,0.037804,0.097183,0.091523,0.999502,0.998217,0.027255,0.047316,0.021099,0.035524,0.071285,0.096055,0.999966,0.999372,0.005806,0.028073,0.004460,0.021383,0.024712,0.045533,0.999975,0.999456,0.006137,0.026133,0.004849,0.020428,0.014835,0.065579,0.999456,SMOGN+STGP-EF
Kızgın Buhar,h (çıktı),GP,0.987833,0.988953,0.110302,0.117780,0.081765,0.089014,0.258705,0.180093,0.991360,0.988193,0.113485,0.121766,0.094483,0.098862,0.320991,0.280666,0.986280,0.986714,0.117135,0.129169,0.074529,0.087248,0.235038,0.164894,0.991369,0.988211,0.113423,0.121672,0.094381,0.098789,0.320954,0.280581,0.988953,Base
Kızgın Buhar,h (çıktı),KNN,0.996451,0.997315,0.059573,0.058068,0.036029,0.045358,0.127114,0.183327,0.998025,0.995644,0.054260,0.073964,0.033418,0.053464,0.114441,0.191866,0.999093,0.999435,0.030123,0.026643,0.014705,0.019734,0.040317,0.041594,0.999599,0.999123,0.024436,0.033194,0.015914,0.024468,0.061007,0.072160,0.999435,STGP-EF
Kızgın Buhar,h (çıktı),LightGBM,0.988077,0.985860,0.109191,0.133257,0.046454,0.069869,0.194649,0.117496,0.994114,0.991177,0.093668,0.105261,0.039488,0.061170,0.181095,0.140099,0.993719,0.994145,0.079256,0.085745,0.020619,0.039697,0.025413,0.058406,0.998440,0.996258,0.048214,0.068554,0.013646,0.027845,0.015758,0.048446,0.996258,SMOGN+STGP-EF
Kızgın Buhar,h (çıktı),RF,0.999660,0.998546,0.018438,0.042730,0.011297,0.029630,0.049294,0.072430,0.999804,0.998233,0.017111,0.047106,0.010626,0.031619,0.047286,0.073318,0.999888,0.999495,0.010582,0.025179,0.006740,0.019488,0.021233,0.045099,0.999948,0.999593,0.008835,0.022613,0.005904,0.018273,0.020024,0.061833,0.999593,SMOGN+STGP-EF
Kızgın Buhar,h (çıktı),XGBoost,0.999963,0.998758,0.006110,0.039491,0.004263,0.027734,0.027750,0.094479,0.999979,0.997878,0.005549,0.051618,0.003776,0.036082,0.016085,0.097304,0.999997,0.998946,0.001703,0.036385,0.001282,0.025380,0.004750,0.059411,0.999997,0.999130,0.002055,0.033058,0.001516,0.024004,0.005401,0.058155,0.999130,SMOGN+STGP-EF
Kızgın Buhar,s (çıktı),AdaBoost,0.931583,0.865461,0.261567,0.321539,0.218334,0.264104,1.138478,1.479351,0.945319,0.869469,0.281871,0.316715,0.239508,0.263021,0.802186,1.532190,0.989645,0.986104,0.101759,0.103336,0.086168,0.086366,0.580826,0.509576,0.988048,0.965959,0.131780,0.161739,0.110920,0.130152,1.015427,0.988125,0.986104,STGP-EF
Kızgın Buhar,s (çıktı),CatBoost,0.999236,0.995891,0.027637,0.056194,0.021724,0.038865,0.092026,0.168722,0.999213,0.995137,0.033822,0.061129,0.026713,0.045047,0.096321,0.261709,0.999699,0.997552,0.017343,0.043376,0.013679,0.031916,0.064652,0.146458,0.999755,0.997294,0.018868,0.045603,0.015012,0.033059,0.078897,0.163456,0.997552,STGP-EF
Kızgın Buhar,s (çıktı),DART,0.972614,0.959537,0.165489,0.176335,0.098935,0.121881,0.255923,0.390865,0.985257,0.952853,0.146360,0.190343,0.105289,0.125529,0.219848,0.631843,0.987762,0.987901,0.110624,0.096423,0.070320,0.071275,0.125631,0.225179,0.991007,0.979824,0.114310,0.124517,0.088309,0.088957,0.130913,0.747089,0.987901,STGP-EF
Kızgın Buhar,s (çıktı),EF,1.000000,0.997857,0.000000,0.040578,0.000000,0.021732,0.000000,0.115992,1.000000,0.996709,0.000000,0.050289,0.000000,0.026333,0.000000,0.171963,1.000000,0.995781,0.000000,0.056938,0.000000,0.023499,0.000000,0.128806,1.000000,0.995288,0.000000,0.060175,0.000000,0.025468,0.000000,0.105628,0.997857,Base
Kızgın Buhar,s (çıktı),ET,1.000000,0.996586,0.000000,0.051224,0.000000,0.027366,0.000000,0.103377,1.000000,0.996906,0.000000,0.048763,0.000000,0.028715,0.000000,0.144162,1.000000,0.995452,0.000000,0.059118,0.000000,0.030339,0.000000,0.154587,1.000000,0.994373,0.000000,0.065761,0.000000,0.029417,0.000000,0.222456,0.996906,SMOGN
Kızgın Buhar,s (çıktı),GBDT,0.997931,0.991076,0.045488,0.082814,0.034463,0.062821,0.172046,0.303366,0.998352,0.993102,0.048940,0.072806,0.038370,0.057975,0.190608,0.237596,0.999893,0.995454,0.010324,0.059105,0.007949,0.034861,0.057452,0.176768,0.999807,0.995752,0.016760,0.057136,0.012752,0.038196,0.046731,0.431147,0.995752,SMOGN+STGP-EF
Kızgın Buhar,s (çıktı),GP,0.779304,0.720838,0.469782,0.463168,0.295636,0.299897,1.463968,1.241663,0.846014,0.763475,0.473012,0.426333,0.344320,0.309168,2.017970,1.275413,0.822593,0.868168,0.421197,0.318288,0.218078,0.185616,0.395507,0.758127,0.812322,0.868168,0.522202,0.318288,0.296621,0.185616,0.360327,0.758127,0.868168,STGP-EF
Kızgın Buhar,s (çıktı),KNN,0.987834,0.968649,0.110297,0.155216,0.061863,0.091770,0.499685,0.358751,0.990929,0.956490,0.114807,0.182853,0.069513,0.111369,0.386803,0.601837,0.994821,0.988407,0.071963,0.094386,0.040809,0.053335,0.099669,0.274688,0.993798,0.981640,0.094928,0.118782,0.050215,0.056666,0.100129,0.247455,0.988407,STGP-EF
Kızgın Buhar,s (çıktı),LightGBM,0.987752,0.977104,0.110671,0.132645,0.053933,0.075830,0.124467,0.291951,0.995149,0.966001,0.083952,0.161638,0.042109,0.085110,0.102328,0.388746,0.999091,0.995217,0.030153,0.060624,0.013094,0.039918,0.043622,0.206764,0.999745,0.991564,0.019240,0.080517,0.010773,0.044552,0.038195,0.473255,0.995217,STGP-EF
Kızgın Buhar,s (çıktı),RF,0.998865,0.984571,0.033684,0.108889,0.021833,0.073382,0.121675,0.374301,0.999439,0.989002,0.028553,0.091934,0.019155,0.064913,0.120205,0.420830,0.999347,0.994342,0.025558,0.065939,0.014230,0.037162,0.052246,0.211750,0.999448,0.983146,0.028325,0.113804,0.014411,0.052929,0.064499,0.719402,0.994342,STGP-EF
Kızgın Buhar,s (çıktı),XGBoost,0.999955,0.994127,0.006678,0.067181,0.004768,0.050752,0.026076,0.257981,0.999976,0.989951,0.005906,0.087876,0.004034,0.063082,0.052834,0.267288,0.999998,0.993523,0.001362,0.070548,0.000998,0.040688,0.012926,0.180033,0.999998,0.984677,0.001638,0.108514,0.001241,0.052907,0.006115,0.859373,0.994127,Base
Kızgın Buhar,v (çıktı),AdaBoost,0.994078,0.982212,0.076956,0.109476,0.063301,0.082899,0.340728,0.253964,0.988460,0.974139,0.135035,0.132003,0.097886,0.096846,0.508921,0.378821,0.995303,0.992324,0.068537,0.071914,0.057507,0.060057,0.217219,0.188528,0.994250,0.986608,0.095315,0.094990,0.079414,0.077782,0.277120,0.208962,0.992324,STGP-EF
Kızgın Buhar,v (çıktı),CatBoost,0.999921,0.997872,0.008916,0.037870,0.006011,0.014764,0.033090,0.037199,0.999769,0.999026,0.019096,0.025617,0.011892,0.017125,0.050323,0.054675,0.999891,0.999322,0.010461,0.021378,0.006824,0.013512,0.033333,0.047044,0.999869,0.998680,0.014412,0.029828,0.009826,0.019023,0.046162,0.076575,0.999322,STGP-EF
Kızgın Buhar,v (çıktı),DART,0.981997,0.990836,0.134175,0.078577,0.063246,0.051602,0.126959,0.105044,0.987069,0.983627,0.142943,0.105034,0.075601,0.056399,0.107543,0.106291,0.984349,0.995174,0.125103,0.057024,0.057181,0.041623,0.082752,0.090747,0.990384,0.991486,0.123263,0.075739,0.068618,0.045116,0.082578,0.088593,0.995174,STGP-EF
Kızgın Buhar,v (çıktı),EF,1.000000,0.999800,0.000395,0.011614,0.000239,0.004668,0.000702,0.015043,1.000000,0.998511,0.000075,0.031670,0.000015,0.011129,0.000032,0.037647,1.000000,0.999947,0.000585,0.006003,0.000073,0.003549,0.000170,0.012353,1.000000,0.999236,0.000000,0.022681,0.000000,0.009295,0.000000,0.028045,0.999947,STGP-EF
Kızgın Buhar,v (çıktı),ET,1.000000,0.999753,0.000000,0.012905,0.000000,0.004568,0.000000,0.013950,1.000000,0.998983,0.000000,0.026178,0.000000,0.009206,0.000000,0.029425,1.000000,0.999943,0.000000,0.006222,0.000000,0.003635,0.000000,0.014606,1.000000,0.999418,0.000000,0.019807,0.000000,0.008133,0.000000,0.022650,0.999943,STGP-EF
Kızgın Buhar,v (çıktı),GBDT,0.999983,0.999307,0.004164,0.021614,0.002853,0.010424,0.018479,0.027218,0.999888,0.998802,0.013299,0.028412,0.007392,0.014158,0.018585,0.036428,0.999988,0.999421,0.003513,0.019757,0.002508,0.011542,0.016523,0.035387,0.999980,0.998877,0.005594,0.027502,0.003938,0.014756,0.018699,0.054733,0.999421,STGP-EF
Kızgın Buhar,v (çıktı),GP,0.049005,0.076159,0.975190,0.788964,0.404532,0.352752,1.157688,0.725306,0.335201,0.371048,1.024910,0.650979,0.521222,0.366887,2.089836,1.439831,-0.156039,-0.185936,1.075192,0.893901,0.505213,0.458454,2.141493,1.230944,0.644958,0.688449,0.748997,0.458167,0.375622,0.228636,0.562191,0.498490,0.688449,SMOGN+STGP-EF
Kızgın Buhar,v (çıktı),KNN,0.913404,0.752068,0.294272,0.408719,0.104966,0.155560,0.275409,0.278334,0.895181,0.642201,0.406968,0.490997,0.177812,0.208643,0.318787,0.405050,0.999626,0.998791,0.019334,0.028539,0.007193,0.015734,0.031641,0.046401,0.997033,0.999343,0.068474,0.021045,0.019126,0.012994,0.032462,0.041045,0.999343,SMOGN+STGP-EF
Kızgın Buhar,v (çıktı),LightGBM,0.996418,0.996131,0.059850,0.051059,0.020705,0.021628,0.078442,0.057220,0.997280,0.996285,0.065558,0.050028,0.022622,0.019534,0.027625,0.035160,0.998101,0.997464,0.043575,0.041337,0.012115,0.017233,0.029858,0.036611,0.999387,0.998308,0.031132,0.033767,0.008876,0.014821,0.009563,0.037224,0.998308,SMOGN+STGP-EF
Kızgın Buhar,v (çıktı),RF,0.999951,0.999132,0.007035,0.024188,0.003187,0.011434,0.014792,0.032945,0.999397,0.997417,0.030866,0.041719,0.009352,0.019011,0.021995,0.061174,0.999968,0.999559,0.005615,0.017243,0.002693,0.009475,0.013887,0.029813,0.999587,0.999067,0.025561,0.025066,0.006689,0.012146,0.011046,0.035717,0.999559,STGP-EF
Kızgın Buhar,v (çıktı),XGBoost,0.999990,0.998142,0.003236,0.035383,0.002218,0.015145,0.020622,0.037176,0.999994,0.997531,0.003000,0.040789,0.002002,0.018529,0.012148,0.052134,0.999997,0.997807,0.001662,0.038436,0.001179,0.017254,0.007620,0.041580,0.999998,0.996112,0.001642,0.051182,0.001146,0.021546,0.011468,0.048027,0.998142,Base

SCENARIO BASED COMPARISON
Scenario,Win_Count,Win_Rate_%,Scenario_Mean_Test_R2,Winner_Mean_Max_Test_R2
Base,23,20.91,0.954694,0.996603
SMOGN,7,6.36,0.968731,0.987105
STGP-EF,45,40.91,0.975841,0.99428
SMOGN+STGP-EF,35,31.82,0.98835,0.983422

ALGORITHM BASED COMPARISON
Algorithm,Mean_Base_Test_R2,Mean_SMOGN_Test_R2,Mean_STGP-EF_Test_R2,Mean_SMOGN+STGP-EF_Test_R2,Mean_Max_Test_R2,Best_Scenario,Win_Count_Base,Win_Count_SMOGN,Win_Count_STGP-EF,Win_Count_SMOGN+STGP-EF
AdaBoost,0.971587,0.963755,0.993447,0.991942,0.995188,STGP-EF,1,1,6,2
CatBoost,0.996532,0.998073,0.998217,0.998832,0.999048,STGP-EF,2,1,4,3
DART,0.902987,0.946457,0.957478,0.982731,0.983991,SMOGN+STGP-EF,0,1,2,7
EF,0.999733,0.99925,0.999434,0.999159,0.999748,Base,8,1,1,0
ET,0.999552,0.999303,0.999454,0.999063,0.999611,STGP-EF,2,1,6,1
GBDT,0.995326,0.99732,0.998715,0.998432,0.998799,STGP-EF,0,0,6,4
GP,0.766709,0.852666,0.826543,0.922959,0.939709,Base,4,0,3,3
KNN,0.969929,0.958248,0.997489,0.9971,0.997889,STGP-EF,0,0,7,3
LightGBM,0.906503,0.947358,0.968501,0.988011,0.988863,SMOGN+STGP-EF,0,1,1,8
RF,0.996918,0.997448,0.999135,0.99765,0.999144,STGP-EF,0,0,9,1
XGBoost,0.995858,0.996157,0.995842,0.995965,0.997406,Base,6,1,0,3
